web-scraper-order,web-scraper-start-url,profesoresurl,profesoresurl-href,review,nota
"1576032489-509","https://losestudiantes.co/","Santos Alonso BeltranCiencia Política","https://losestudiantes.co/universidad-nacional/ciencia-politica/profesores/santos-alonso-beltran-beltran","Nos hace ir un sábado a las 10 y no dice que no va a ir. La clase es mala y aburrida Pros: De puede dejar alta Cons: No se aprende, el profesor es un mediocre","2"
"1576032532-517","https://losestudiantes.co/","Leopoldo Alberto Munera RuizCiencia Política","https://losestudiantes.co/universidad-nacional/ciencia-politica/profesores/leopoldo-alberto-munera-ruiz","Leopoldo Múnera es uno de los pocos profesores que todavía exige una dedicación rigurosa a sus clases y contenidos. Me preparé toda la carrera para ver su clase culmen, Teorías del Poder, y definitivamente siento que cualificó mi nivel de análisis y abstracción, además de poder relacionar teorías con temas cotidianos. De las mejores experiencias que se pueden vivir en la carrera de Ciencia Política de la UN sede Bogotá. En adición, no se desliga de las problemáticas que vive la universidad pública en Colombia. Pros: Riguroso, exigente, interdisciplinar. Cons: Mayoritariamente eurocéntrico, difícil de entender si no se han tomado clases anteriores de teoría política.","4.8"
"1576032647-568","https://losestudiantes.co/","Jose German Burgos SilvaCiencia Política","https://losestudiantes.co/universidad-nacional/ciencia-politica/profesores/jose-german-burgos-silva","Excelente profesor. Tiene una buena metodología, muy clara y riguroso con el tiempo por lo cual no hay que preocuparse porque queden temas sin verse. Hace quices orales con lo cual es muy exigente en la nota que asigna, generalmente no suben de 4. También hace controles escritos de lectura. Ahora los parciales son de selección múltiple con dos preguntas abiertas sobre las lecturas que asigna específicamente para el parcial Pros: Las clases no son aburridas.
Se aprende demasiado con diferentes enfoques. Cons: No se puede faltar a ninguna clase. La nota final no es tan alta.","5"
"1576032440-494","https://losestudiantes.co/","Jairo Hernando Estrada AlvarezCiencia Política","https://losestudiantes.co/universidad-nacional/ciencia-politica/profesores/jairo-hernando-estrada-alvarez","Es gran conocedor de los procesos políticos en America Latina. Aunque su nivel de voz puede llegar a ser arrulladora debido al horario de la asignatura (después del almuerzo), si se trata de mantener muy atento/a a la clase, aprenderá bastante de la historia política latinoamericana, desde la izquierda y la derecha. A su vez, tiene buena bibliografía (aunque un poco larga a veces) y la complementación con recursos cinematográficos le agregan un plus a la cátedra para realizar ensayos críticos sobre el pasado de América Latina, su presente y su futuro incierto.Pros: Bibliografía, conocimiento amplio, cinematografía complementaria al curso, parciales sencillos.Cons: Tono de voz del maestro, trabajos a realizar con mucho tiempo de antelación, le cuesta manejar una temporalidad clara.","4.5"
"1576032375-467","https://losestudiantes.co/","Miguel Antonio Borja AlarconCiencia Política","https://losestudiantes.co/universidad-nacional/ciencia-politica/profesores/miguel-antonio-borja-alarcon","Es de esos profesores que si se quiere se aprende y bastante. Deja lecturas buenas, y la discusión es muy interesante. Es atento con sus estudiantes, en la medida en que si el estudiante hace buenos trabajos, este les da la oportunidad de publicarlos.","4.4"
"1576032582-540","https://losestudiantes.co/","Catalina Toro PerezCiencia Política","https://losestudiantes.co/universidad-nacional/ciencia-politica/profesores/catalina-toro-perez","Este semestre estuvo lleno de inconvenientes con la profesora y aunque pensábamos que era una excepción por el accidente que tuvo, al consultar con otros compañeros me enteré que otros semestres han sido igual. Ella dice tener mucha carga y la universidad no me facilita a tiempo monitores para su clase, lo cual dificulta el buen desarrollo de la clase. Pros: Bibliografía. Complicada pero vale la pena intertar leerla. Ella valora mucho el esfuerzo, que uno le pregunte y pida orientación para los proyectos finales Cons: Se distrae mucho. No es concreta. Es muy desorganizada. No enseña bien el tema.","2"
"1576032156-436","https://losestudiantes.co/","Juan Carlos Chaparro RodriguezCiencia Política","https://losestudiantes.co/universidad-nacional/ciencia-politica/profesores/juan-carlos-chaparro-rodriguez","Excelente profesor, estoy totalmente de acuerdo con el comentario de abajo: se nota la pasión del profesor por la historia y por enseñar. Un gran docente","5"
"1576032547-526","https://losestudiantes.co/","Julio Rafael Quiñones PaezCiencia Política","https://losestudiantes.co/universidad-nacional/ciencia-politica/profesores/julio-rafael-qui%C3%B1ones-paez","No es claro, lo hace con pasión, pero no tiene buena metodologías y aburre y divaga mucho.Pros: PasiónCons: No es claro.
Muy pocos trabajos.","1.7"
"1576032177-450","https://losestudiantes.co/","Miguel Angel Herrera ZgaibCiencia Política","https://losestudiantes.co/universidad-nacional/ciencia-politica/profesores/miguel-angel-herrera-zgaib","Busque entenderlo leyendo con mucha atención lo que le recomienda, y va a disfrutar mucho los pensamientos que él le ofrece y los que él busca despertar en usted. Sea proactivo y proponga, y cuando él acoja su idea sea constante, encontrará un ferviente apoyo.","5"
"1576032597-550","https://losestudiantes.co/","Daniel Alberto Libreros CaicedoCiencia Política","https://losestudiantes.co/universidad-nacional/ciencia-politica/profesores/daniel-alberto-libreros-caicedo","Habla mucho y hace que la clase se torne aburrida, lo cual, en mi caso personal, hacía que no le prestara mucha atención. A pesar de esto, el profesor sabe muchísimo de los temas, tanto desde una perspectiva histórica como económica, y le interesa que uno se informe y pueda discutir de ellos. Me pareció que las clases del monitor eran las mejores, lastima que este haya sido su último semestre como monitor :(","3.5"
"1576032156-440","https://losestudiantes.co/","Juan Carlos Chaparro RodriguezCiencia Política","https://losestudiantes.co/universidad-nacional/ciencia-politica/profesores/juan-carlos-chaparro-rodriguez","Es un profesor muy apasionado por las temáticas que dicta, se preocupa bastante porque el estudiante aprenda y también por dar una retroalimentación que te permita mejorar. Las lecturas que deja no siempre son cortas pero son buenas y relevantes para la clase. Es muy organizado y puntual. La metodología consiste en ensayos  y una exposición; los ensayos requieren trabajo pero el profesor da todas las herramientas para hacerlo y  te deja claro que debe ir en ellos.","5"
"1576032354-463","https://losestudiantes.co/","Santiago Gomez ObandoCiencia Política","https://losestudiantes.co/universidad-nacional/ciencia-politica/profesores/santiago-gomez-obando","La persona que hace que las clases de Múnera sean digeribles. Amable, pedagógico hasta el tuétano y riguroso. Es un excelente ser humano. Pros: Amigable, explica todo de una manera sencilla.","4.9"
"1576032177-444","https://losestudiantes.co/","Miguel Angel Herrera ZgaibCiencia Política","https://losestudiantes.co/universidad-nacional/ciencia-politica/profesores/miguel-angel-herrera-zgaib","Es un profesor con un conocimiento amplio, busca incentivar la participación de sus estudiantes pero que a veces dispersa mucho las sesiones y suele ser confuso en su manera de explicar los temas. Su metodología es por medio de exposiciones grupales de sus estudiantes, la cual incita un poco a la falta de atención  del curso y a volver tediosa las sesiones.","3.5"
"1576032234-456","https://losestudiantes.co/","Carlos Medina GallegoCiencia Política","https://losestudiantes.co/universidad-nacional/ciencia-politica/profesores/carlos-medina-gallego","Las primeras tres clases fueron buenas; este semestre (2019-2) ha asistido a todas las clases a excepción de una. En el examen de 50 preguntas, 2 eran E, el resto D. En la primera entrega del trabajo final ni se tomó el tiempo de leer los trabajos, solo dijo que habían quedado mal. No acepta críticas a su ""pedagogía"".  Pros: Tiene muchos conocimientos por aportar.
Buen investigador. Cons: Clases totalmente magistrales.
Sólo lee diapositivas.","2.7"
"1576032582-538","https://losestudiantes.co/","Catalina Toro PerezCiencia Política","https://losestudiantes.co/universidad-nacional/ciencia-politica/profesores/catalina-toro-perez","Es una clase muy aburrida, la profesora habla muy en abstracto y no da las bases fundamentales de la investigación, lo que se nota cuando uno llega a las próximas materias de esa línea.Pros: Es una persona con la que se puede hablar y ayuda bastante en tutoriasCons: suele faltar a clase","2"
"1576032575-536","https://losestudiantes.co/","Diana Marcela Hincapie CetinaCiencia Política","https://losestudiantes.co/universidad-nacional/ciencia-politica/profesores/diana-marcela-hincapie-cetina","Es bastante crítica con los abogados y con todo, en general. Sin embargo, sus críticas se vuelven siempre un tema personal, por ende en las clases siempre se desvía de los temas y termina hablando de su vida personal, haciendo que del programa se completen 3 o 4 temas por mucho. No abre espacios de debate con lxs estudiantes, y cuando no está de acuerdo con una opinión, es bastante obvio. Los parciales fueron bastante improvisados y nunca supe qué calificaba exactamente. Pros: Es puntual.Cons: No prepara sus clases, por tanto siempre termina hablando de temas personales.","2.3"
"1576032590-546","https://losestudiantes.co/","Alexander Emilio Madrigal GarzonCiencia Política","https://losestudiantes.co/universidad-nacional/ciencia-politica/profesores/alexander-emilio-madrigal-garzon","Muy buen profesor, con mucha vocación y respeto hacia sus estudiantes. Es una clase que aporta bastante, bien nutrida de lecturas y fácil de llevar si se maneja de manera organizada. Estricto a la hora de calificar APA, lo cual le beneficia bastante al estudiante, es puntual y le gusta enseñar.","4.8"
"1576032191-454","https://losestudiantes.co/","Luis Humberto Hernandez RiverosCiencia Política","https://losestudiantes.co/universidad-nacional/ciencia-politica/profesores/luis-humberto-hernandez-riveros","El docente tiene gran potencial para generar debate y reflexiones en sus estudiantes. Sin embargo la coherencia es mínima entre lo que dicta y los criterios de evaluación que terminan siendo subjetivos. Las lecturas que asigna poco están relacionadas con la materia y con el nivel de exigencia de su clase. Pros: Su clase es inquietante y finalmente deja varias preguntas instaladas para que cada estudiante en su rol como ciudadano pueda aportar.Cons: No hay la más mínima claridad en los trabajos que espera que sus estudiantes hagan, mucho menos hay explicación acerca de los criterios de evaluación que utiliza.","1.8"
"1576032518-515","https://losestudiantes.co/","Andres Felipe Mora CortesCiencia Política","https://losestudiantes.co/universidad-nacional/ciencia-politica/profesores/andres-felipe-mora-cortes","Un profesor bastante riguroso con los temas a tratar. Es muy pedagógico.","5"
"1576032326-462","https://losestudiantes.co/","Daniel Garciapeña JaramilloCiencia Política","https://losestudiantes.co/universidad-nacional/ciencia-politica/profesores/daniel-garciape%C3%B1a-jaramillo","Excelente profesor. Conoce bastante de los temas, ha estado inmerso en la política y su clase a veces se puede volver más como una charla con el grupo, lo que hace interesante la clase.Pros: Su actitud, tono de voz, estructura del programa.","5"
"1576032418-486","https://losestudiantes.co/","Pablo Ignacio Reyes BeltranCiencia Política","https://losestudiantes.co/universidad-nacional/ciencia-politica/profesores/pablo-ignacio-reyes-beltran","Excelente profesor y persona. Es gran conocedor de los temas que enseña y está siempre dispuesto a brindar ayuda a los estudiantes","4.9"
"1576032625-557","https://losestudiantes.co/","Pedro Elias Galindo LeonCiencia Política","https://losestudiantes.co/universidad-nacional/ciencia-politica/profesores/pedro-elias-galindo-leon","Es uno de los peores docentes de la facultad.  No enseña nada y califica de acuerdo a quien le cae bien y a quien no. No da ninguna nota intermedia y las coloca al final consolidadas en el sistema para que nadie pueda hacer reclamos. Su clase es muy floja y no aporta nada en temas de investigación. Es un profesor arbitrario y cínico, que le gusta humillar a sus estudiantes.Pros: NingunoCons: No da notas en el transcurso del semestre
Califica al final a su antojo 
Le gusta humillar  a los estudiantes y destruir sus trabajos
No se aprende nada en su clase","1.5"
"1576032582-537","https://losestudiantes.co/","Catalina Toro PerezCiencia Política","https://losestudiantes.co/universidad-nacional/ciencia-politica/profesores/catalina-toro-perez","Es una profesora con múltiples compromisos, lo cual la deja sin tiempo suficiente para preparar las clases. Es muy desordenada con todo. Pros: Bibliografía del programa","1.5"
"1576032418-483","https://losestudiantes.co/","Pablo Ignacio Reyes BeltranCiencia Política","https://losestudiantes.co/universidad-nacional/ciencia-politica/profesores/pablo-ignacio-reyes-beltran","El profesor maneja a cabalidad los temas en clase, brinda elementos de análisis a partir de su discurso, enlaza de manera muy hábil elementos históricos con elementos teóricos y críticos. Tiene muy clara cada una de las teorías, de los conceptos, las criticas que se le han hecho a cada teoría, las discusiones entre autores, a la vez que su ejercicio metodológico permite el ejercicio de la escritura, siempre necesario en la Ciencia PolíticaPros: Es un prospecto de erudito, quizás al nivel de docentes como Leopoldo, Mora, Quiñones, Miguel Angel Herrera y otros de esa embergadura.Cons: Que no sea profesor de planta.","5"
"1576032404-476","https://losestudiantes.co/","David Alberto Roll VelezCiencia Política","https://losestudiantes.co/universidad-nacional/ciencia-politica/profesores/david-alberto-roll-velez","Suele improvisar mucho las clases y trata de imponer la visión que no tiene sin aceptar las diferencias","2"
"1576032575-533","https://losestudiantes.co/","Diana Marcela Hincapie CetinaCiencia Política","https://losestudiantes.co/universidad-nacional/ciencia-politica/profesores/diana-marcela-hincapie-cetina","Critíca mucho a los abogados, por lo cual siente más afinidad con los estudiantes de ciencia política u otras carreras. Tiene una visión muy crítica de las cosas. Pros: No hace quices
Deja salir temprano de claseCons: Se desvía mucho del tema. No completa el programa","3"
"1576032440-496","https://losestudiantes.co/","Jairo Hernando Estrada AlvarezCiencia Política","https://losestudiantes.co/universidad-nacional/ciencia-politica/profesores/jairo-hernando-estrada-alvarez","Pros: Sabe mucho del tema y si logran ponerle atención, se aprende demasiado.Cons: La clase es magistral y es fácil distraerse.","4.5"
"1576032383-472","https://losestudiantes.co/","Oscar Enrique Gomez RodriguezCiencia Política","https://losestudiantes.co/universidad-nacional/ciencia-politica/profesores/oscar-enrique-gomez-rodriguez","En esta clase la mayor parte del aprendizaje es autónomo, el profesor es muy desordenado con la planificación de la clase y las calificaciones, por lo cual no es difícil sacar buena nota.","2.5"
"1576032156-438","https://losestudiantes.co/","Juan Carlos Chaparro RodriguezCiencia Política","https://losestudiantes.co/universidad-nacional/ciencia-politica/profesores/juan-carlos-chaparro-rodriguez","Buen profesor, preocupado por el entendimiento de sus estudiantes. La clase es dinámica y se le nota el amplio conocimiento al profesor. A veces la clase se vuelve tediosa y sobre todo cuando empieza a preguntarle a los estudiantes.
Es bastante duro al calificar.","3.9"
"1576032489-508","https://losestudiantes.co/","Santos Alonso BeltranCiencia Política","https://losestudiantes.co/universidad-nacional/ciencia-politica/profesores/santos-alonso-beltran-beltran","Mal profesor.Pros: 1. Sabe de los temas con profundidad
2. Sale con comentarios entre sarcásticos y graciosos. 
3. Cons: 1. Desordenado
2. Poco interesado porque los estudiantes aprendan
3. Impuntual 
4. Sus parciales son grandes pajazos mentales","2.9"
"1576032418-487","https://losestudiantes.co/","Pablo Ignacio Reyes BeltranCiencia Política","https://losestudiantes.co/universidad-nacional/ciencia-politica/profesores/pablo-ignacio-reyes-beltran","Buen profesor, claro en los temas y se deja hablar Pros: Se aprende y se deja alta","5"
"1576032647-564","https://losestudiantes.co/","Jose German Burgos SilvaCiencia Política","https://losestudiantes.co/universidad-nacional/ciencia-politica/profesores/jose-german-burgos-silva","De los mejores profesores en la facultad. Metódico, riguroso y los parciales son muy densos, pero se aprende demasiado, las clases se disfrutan mucho, todo está completamente planeado, hay completa relación entre los temas y un hilo conductor muy coherente. Las lecturas del programa son bastante fáciles de entender en su mayoría, sin que esto signifique que no son útiles o importantes, todo lo contrario.Pros: Tiene un conocimiento supremamente amplio sobre todos los temas que trabaja, presenta diferentes perspectivas de cada tema a tratar. Incluso feminismo. :3Cons: Quices orales al azar, las participaciones voluntarias no suman a esa nota. :(","5"
"1576032532-518","https://losestudiantes.co/","Leopoldo Alberto Munera RuizCiencia Política","https://losestudiantes.co/universidad-nacional/ciencia-politica/profesores/leopoldo-alberto-munera-ruiz","Las cualidades académicas del profesor son simplemente indiscutibles, probablemente es la persona en Colombia que más sabe de teoría política. Sin embargo es un ser supremamente pedante, que siente que darle clase a la gente de pregrado es una suerte de voluntariado humanitario. Por tal razón puede llegar a ser irritante.","4"
"1576032375-465","https://losestudiantes.co/","Miguel Antonio Borja AlarconCiencia Política","https://losestudiantes.co/universidad-nacional/ciencia-politica/profesores/miguel-antonio-borja-alarcon","Pros: Su conocimiento es muy amplio, está dispuesto a escuchar a sus estudiantes, manda muy buenas lecturas.Cons: Tono de voz, es fácil distraerse.","4.5"
"1576032418-484","https://losestudiantes.co/","Pablo Ignacio Reyes BeltranCiencia Política","https://losestudiantes.co/universidad-nacional/ciencia-politica/profesores/pablo-ignacio-reyes-beltran","Muy buen profesor, aunque el volumen de lecturas resulta tedioso e inclusive a veces innecesario frente a otros textos más amenos, se encarga de que todo lo que está en ellas se aprenda en la clase. Se apoya de otros docentes muy conocedores de las teorías políticas modernas, lo cual hace dinámica la experiencia de entender más a fondo esta discipl...
Leer más...Pros: Quices sencillos, temas interesantes, clases dinámicas con docentes de apoyo, parcial sencillo si se estudia a fondo, trabajos en grupo sencillos con la tutoría de el profesor personalmente.Cons: A veces se dispersa un poco de los temas de la clase.","4.5"
"1576032661-569","https://losestudiantes.co/","Mauricio Garcia VillegasEstudios Políticos y Relaciones Internacionales","https://losestudiantes.co/universidad-nacional/estudios-politicos-y-relaciones-internacionales/profesores/mauricio-garcia-villegas","Mauricio es un teso.","5"
"1576032156-437","https://losestudiantes.co/","Juan Carlos Chaparro RodriguezCiencia Política","https://losestudiantes.co/universidad-nacional/ciencia-politica/profesores/juan-carlos-chaparro-rodriguez","Un muy buen profesor, tiene un muy amplio conocimiento de la Historia colombiana, es muy bueno explicando y está muy pendiente de que sus estudiantes entiendan la explicación.","5"
"1576032134-434","https://losestudiantes.co/","Jenny Elisa Lopez RodriguezCiencia Política","https://losestudiantes.co/universidad-nacional/ciencia-politica/profesores/jenny-elisa-lopez-rodriguez","Una profesora que conoce bastante sobre la Administración Pública y que a partir de allí busca brindar al estudiante elementos para entenderla de forma crítica.Pros: Clases que si quienes la ven ayudan pueden ser bastante buenas en cuanto a entender la temática.
Talleres en grupo que promueven la discusión de entre los estudiantes de los temas y autores de cada bloque que se nutren de los apuntes de la profesoraCons: Muyyyyyyyyyy escuelera, un ejemplo de ello son los constantes quiz sobre unas tares que deja y controles de lectura.
El trabajo en grupo es muyyy confuso dado que en las entregas no se tiene claro que se debe tratar. si bien a tratado de corregirlo y al final se mejoro esa parte. En las primeras entregas de los trabajos no recibimos retroalimentación ni correcciones hasta faltando pocos días para la siguiente entrega.","3.5"
"1576032640-560","https://losestudiantes.co/","Rubin Ariel Huffington RodríguezCiencia Política","https://losestudiantes.co/universidad-nacional/ciencia-politica/profesores/rubin-ariel-huffington-rodr%C3%ADguez","Tiene un conocimiento sólido y profundo sobre temas como descentralización, cooperativismo, autnomía territorial entre otros; aprovéchelo para manejo de datos en asuntos públicos, recorridos territoriales y de sistemas de información geográfica. Se presentan problemas pedagógicos que los estudiantes notan rápidamente, pero fácilmente superables.","4.5"
"1576032497-512","https://losestudiantes.co/","Yenny Leguizamon OrjuelaCiencia Política","https://losestudiantes.co/universidad-nacional/ciencia-politica/profesores/yenny-leguizamon-orjuela","Una de las peores profesora que he tenido. No es rigurosa con las lecturas y autores. Falta a clase cuando quiere y avisa media hora antes de comenzar la clase. Cons: Impuntualidad
Poca rigurosidad.","1"
"1576032489-506","https://losestudiantes.co/","Santos Alonso BeltranCiencia Política","https://losestudiantes.co/universidad-nacional/ciencia-politica/profesores/santos-alonso-beltran-beltran","El estudio de la materia no se da a profundidad, tiende a dejar muchas lecturas y las clases pueden ser un poco desordenadas.","3"
"1576032311-461","https://losestudiantes.co/","Juan Pablo Sandoval CastanoCiencia Política","https://losestudiantes.co/universidad-nacional/ciencia-politica/profesores/juan-pablo-sandoval-castano","Es un profesor que tiene un enfoque muy económico y no sé involucra tanto con la ciencia política. Se encarga de mostrar diferentes perspectivas y no nos trata de convencer sobre alguna. Deja que los estudiantes por sí mismos juzguen y discutan sobre cada doctrina. Pros: Buena bibliografía. Trabajos sencillos. Atiende las inquietudes Cons: Califica un poco estricto","4"
"1576032489-503","https://losestudiantes.co/","Santos Alonso BeltranCiencia Política","https://losestudiantes.co/universidad-nacional/ciencia-politica/profesores/santos-alonso-beltran-beltran","Muy buen profesor, brinda muy buena bibliografia, la metodología y la din´amica de clase hace las discusiones más llamativas. Exigente al caliicar. Responsable y puntual.Cons: Tiene un sesgo marxista, pero las discusiones a partir del marxismo en relación con otras teorías, presentadas por alguien que entiende a cabalidad el marxismo, son siempre enriquecedoras","5"
"1576032418-489","https://losestudiantes.co/","Pablo Ignacio Reyes BeltranCiencia Política","https://losestudiantes.co/universidad-nacional/ciencia-politica/profesores/pablo-ignacio-reyes-beltran","Un muy buen profesor, explica bien los temas, es paciente, escucha a sus estudiantes y conecta los temas de la clase con la realidad política.","4.4"
"1576032547-527","https://losestudiantes.co/","Julio Rafael Quiñones PaezCiencia Política","https://losestudiantes.co/universidad-nacional/ciencia-politica/profesores/julio-rafael-qui%C3%B1ones-paez","Es un gran profesor que se interesa por el aprendizaje de los estudiantes, es paciete y dedicado, explica los términos y temas básicos de forma entenible y muy completa, permite que todos participen y no juzga a quienes piensan diferente. Siempre saca algo bueno de cualquier comentario, por más simple y banal que este sea. Eso sí, las lecturas que deja toca hacerlas para entender la clase y hacer los parciales -que por cierto son muy útiles y buenas-, es estricto al calificar los textos y exige bastante porque estos tengan una estructura argumentativa clara. 
Pros: Es muy buena persona y sabe bastante. 
Permite e incentiva la participación. 
Cons: A veces las clases se vuelven demasiado magistrales por la poca participación de los estudiantes, lo cual hace que el profesor hable y hable.","4.8"
"1576032177-442","https://losestudiantes.co/","Miguel Angel Herrera ZgaibCiencia Política","https://losestudiantes.co/universidad-nacional/ciencia-politica/profesores/miguel-angel-herrera-zgaib","Si ud está buscando una clase magistral, donde él le de todas las herramientas para entender la Ciencia política, está no es una clase para ud. Básicamente la clase se va construyendo en interlocución con las lecturas que él recomienda, las exposiciones que los estudiantes den, las intervenciones que él da y la coyuntura. Lo que hace que la clase la construya el estudiante y con ello el rigor analítico del estudiante va a ir mejorando.
Como persona es excelente y como profesor aún más, dado que aprovecha las inquietudes del estudiante, en cualquier tema, para construir la clase. Sabe demasiado del tema politoligico, así que es recomendable exprimirle los conocimientos tanto como uno pueda. 
Tiene una corriente ideologíca más o menos clara, pero es muy respetuoso con las opiniones diversas.
Sí le pone animos, va a ""gozar"" los espacios con él.","4.8"
"1576032582-541","https://losestudiantes.co/","Catalina Toro PerezCiencia Política","https://losestudiantes.co/universidad-nacional/ciencia-politica/profesores/catalina-toro-perez","Una profesora con una metodología dinámica, maneja un material bibliográfico amplio, No es difícil pasar con ella,  los trabajos los deja altos desde que sean acordes a las lecturas y tiene muy en cuenta la participación a la hora de calificar.","4"
"1576032618-554","https://losestudiantes.co/","Gustavo Adolfo Puyo TamayoCiencia Política","https://losestudiantes.co/universidad-nacional/ciencia-politica/profesores/gustavo-adolfo-puyo-tamayo","A veces la clase es buena, aunque se debía mucho de los temas, es atento a las inquietudes de los estudiantes. No obstante, es arbitrario y se burlo de los alumnos en repetidas ocasionesPros: Es puntual Cons: Se desbia de los temas, y es duro al calificar","3.4"
"1576032375-464","https://losestudiantes.co/","Miguel Antonio Borja AlarconCiencia Política","https://losestudiantes.co/universidad-nacional/ciencia-politica/profesores/miguel-antonio-borja-alarcon","Gran conocedor de las ciencias sociales. Se obtienen buenas notas si se pone empeño claro en realizar una crítica o diálogo profundo sobre los textos del programa-Pros: Didáctico con películas, poco volumen de lecturas.Cons: Tono de voz, puede llegar a ser somnoliento.","4"
"1576032234-458","https://losestudiantes.co/","Carlos Medina GallegoCiencia Política","https://losestudiantes.co/universidad-nacional/ciencia-politica/profesores/carlos-medina-gallego","No asiste a clase constantemente por sus múltiples compromisos, y cuando está presente no provee al estudiantado una clase dinámica sino que demasiado magistral basando en leer las diapositivas, lo cual aburre de sobremanera.

Tampoco es claro con los trabajos a realizar ni las notas.Pros: Conocedor del temaCons: Desorganizado, desenfocado.","2"
"1576032440-495","https://losestudiantes.co/","Jairo Hernando Estrada AlvarezCiencia Política","https://losestudiantes.co/universidad-nacional/ciencia-politica/profesores/jairo-hernando-estrada-alvarez","Es un muy buen profesor, la clase es muy magistral, pero es muy interesante, el profesor sabe bastante y es muy claro a la hora de explicar. Pros: Sabe bastante.
No deja muchos trabajos.
Pasar los parciales es fácil.","5"
"1576032547-524","https://losestudiantes.co/","Julio Rafael Quiñones PaezCiencia Política","https://losestudiantes.co/universidad-nacional/ciencia-politica/profesores/julio-rafael-qui%C3%B1ones-paez","Un conocedor de la ciencia política, el docente más adecuado para dictar esta asignatura. Es claro con los conceptos, presenta una bibliografia muy interesante y valiosa, sobre la cual se puede volver en repetidas ocasiones en el desarrollo posterior de la carrera. Puntual y exigente de manera que permite la adaptación al ritmo universitario. Muy a...
Leer más...Pros: Metodología dinámica, fomenta el ejercicio de la escritura, la argumentación y el uso de los textos.Cons: Exigente con la nota.","5"
"1576032177-449","https://losestudiantes.co/","Miguel Angel Herrera ZgaibCiencia Política","https://losestudiantes.co/universidad-nacional/ciencia-politica/profesores/miguel-angel-herrera-zgaib","Para los que critican la metodología del curso: deberían entender que así es como se construye el conocimiento, y no como una imposición a punta de monólogo, lo que pasa es que cada estudiante tiene que poner su granito de arena para poder tener una clase interesante.","5"
"1576032177-448","https://losestudiantes.co/","Miguel Angel Herrera ZgaibCiencia Política","https://losestudiantes.co/universidad-nacional/ciencia-politica/profesores/miguel-angel-herrera-zgaib","Es un buen docente, hay una excelente bibliografía en el curso.","5"
"1576032375-468","https://losestudiantes.co/","Miguel Antonio Borja AlarconCiencia Política","https://losestudiantes.co/universidad-nacional/ciencia-politica/profesores/miguel-antonio-borja-alarcon","Es un buen profesor, no tiende a ser muy carismático pero demuestra mucho conocimiento en lo referente a su clase, su método magistral es tedioso. no tiende a ser estricto a la hora de calificar, se puede dejar alta la nota.","3.5"
"1576032468-501","https://losestudiantes.co/","Andrea Carolina Jimenez MartinCiencia Política","https://losestudiantes.co/universidad-nacional/ciencia-politica/profesores/andrea-carolina-jimenez-martin","Una profesora grosera con sus algunos de sus alumnos, que no parece tener en cuenta que si uno esta en la clase, es para aprender ya que uno no sabe todo. Adicionalmente, tiene un sesgo de izquierda (que no es malo en si) que no le permite apreciar posiciones divergentes, así que si usted no quiere arriesgarse a tener una mala nota, evite expresar pociones que no sean de alabanza con los gobiernos ""progresistas"" de America Latina o citar documentos que no sean de Aporrea y Rebelión.com","2"
"1576032156-435","https://losestudiantes.co/","Juan Carlos Chaparro RodriguezCiencia Política","https://losestudiantes.co/universidad-nacional/ciencia-politica/profesores/juan-carlos-chaparro-rodriguez","Un excelente docente. altamente cualificado en historia. se nota su pasión, entrega y dedicación a su formación y a su oficio de enseñar. Es objetivo a la hora de calificar, no es difícil de pasar con el desde que se sea puntual y responsable, es una clase que vale la pena tomar.","4.5"
"1576032177-452","https://losestudiantes.co/","Miguel Angel Herrera ZgaibCiencia Política","https://losestudiantes.co/universidad-nacional/ciencia-politica/profesores/miguel-angel-herrera-zgaib","El docente tiene un amplio conocimiento sobre la ciencia política. Es interesante que maneje su propia línea con un fuerte acento en el marxismo y particularmente en gramsci. Sin embargo, él usa una metodología basada en exposiciones de estudiantes que abarcan todos los temas. Es decir que todas las clases son exposición tras exposición. Así, consideró que esta no es una buena metodológica ya que en ocasiones las lecturas son demasiado largas o complejas, de modo que, muchos estudiantes deben exponer sin haber entendido bien el tema y además los grupos que siguen por exponer no pueden poner atención a la expositora que está en curso. Entonces consideró que la metodología no es la adecuada.Pros: Conocimiento Cons: La metodología","3.4"
"1576032547-522","https://losestudiantes.co/","Julio Rafael Quiñones PaezCiencia Política","https://losestudiantes.co/universidad-nacional/ciencia-politica/profesores/julio-rafael-qui%C3%B1ones-paez","Gran conocedor, mezcla muy bien los temas con un debate en las clases, excelentes lecturas .","5"
"1576032532-519","https://losestudiantes.co/","Leopoldo Alberto Munera RuizCiencia Política","https://losestudiantes.co/universidad-nacional/ciencia-politica/profesores/leopoldo-alberto-munera-ruiz","Un docente altamente calificado, con un gran bagaje en el estudio y análisis de los temas de su clase. Es bastante estricto a la hora de calificar y muestra cierto desdén en las apreciaciones de sus estudiantes. Maneja un programa con un buen material de trabajo. Su tendencia política tiende a ser muy explicita y se para desde ahí para abordar lo concerniente a los temas de su clase.","4"
"1576032461-500","https://losestudiantes.co/","Alejandro Lozano AyalaCiencia Política","https://losestudiantes.co/universidad-nacional/ciencia-politica/profesores/alejandro-lozano-ayala","La materia es muy buena se aprende de verdad el trabajo practico. La exigencia es muy fuerte, pero vale la pena 

En lo que corresponde a la parte teórica no me parece una buena materia diría que aceptable","3.9"
"1576032518-514","https://losestudiantes.co/","Andres Felipe Mora CortesCiencia Política","https://losestudiantes.co/universidad-nacional/ciencia-politica/profesores/andres-felipe-mora-cortes","Un profesor excepcional, exigente pero vale la pena tomar la clase con él. Maneja un material muy amplio y profundo acerca de los temas del curso. Conoce bastante de economía y discute, charla y respeta la opinión de sus estudiantes. Una actitud cercana a colaborar con ellos. Es un profesor organizado y programado con su clase.","4.5"
"1576032383-469","https://losestudiantes.co/","Oscar Enrique Gomez RodriguezCiencia Política","https://losestudiantes.co/universidad-nacional/ciencia-politica/profesores/oscar-enrique-gomez-rodriguez","Entiende las debilidades de los estudiantes en la temática que él maneja por tal razón está constantemente sacando a los estudiantes de su zona de confort y estresándonos un poco lo cual para mí es bueno para poder explorar más un área que tiene bastantes deficiencias en la carrera, el material electrónico que maneja en redes para el manejo de los programas es algo bastante útil que podré usar aún después de haber culminado la carrera. Es un excelente profesor también. Sería bueno que la materia se dividiera en dos, ya que introducción a la investigación es medio salvable por Boris ya que Medina no hace mayor cosa, podría enseñarse una clase entera de métodos cualitativos y otra en cuantitativos, es tanto lo que el profesor tiene para aportar que una sola clase no es suficiente.Pros: Su compromiso con la materia, con su trabajo y con el progreso de los estudiantes. Asimismo, su preocupación constante por despertar el interés de los estudiantes por el componente investigativo y el posicionamiento sobre temas de actualidadCons: Falta tiempo para profundizar ciertos temas de los métodos","5"
"1576032234-455","https://losestudiantes.co/","Carlos Medina GallegoCiencia Política","https://losestudiantes.co/universidad-nacional/ciencia-politica/profesores/carlos-medina-gallego","no va a clase.","2.1"
"1576032447-498","https://losestudiantes.co/","Edwin Cruz RodriguezCiencia Política","https://losestudiantes.co/universidad-nacional/ciencia-politica/profesores/edwin-cruz-rodriguez","El profesor Edwin sabe mucho del tema de movimientos sociales y acción colectiva. Su clase es ordena y es rigurosa. El estudio de las lecturas y autores se realiza a profundidad. Pros: Clase ordena y rigurosa.Cons: Habla un poco pacito.","5"
"1576032575-535","https://losestudiantes.co/","Diana Marcela Hincapie CetinaCiencia Política","https://losestudiantes.co/universidad-nacional/ciencia-politica/profesores/diana-marcela-hincapie-cetina","La disposición con la que dirige la clase no es la mejor, y muchas veces puede ser grosera. Es inflexible respecto a las calificaciones, y cuando no está de acuerdo ideológicamente con uno en algún debate, recurre al sarcasmo o a la sonrisa despectiva para descalificarlo. Es buena en lo que hace, pero como pedagoga no lo es. Realmente afectó mi gusto hacia la clase. Pros: Sus parciales son bastante rigurosos","1.5"
"1576032156-439","https://losestudiantes.co/","Juan Carlos Chaparro RodriguezCiencia Política","https://losestudiantes.co/universidad-nacional/ciencia-politica/profesores/juan-carlos-chaparro-rodriguez","Será, sin lugar a dudas, uno de mis profesores favoritos de la carrera. nadie como el se apasiona tanto en las clases, se esfuerza mucho por que sus estudiantes aprendan sobre la historia colombiana.Pros: No tiene parcial, hace 4 ensayos a los largo del semestre acerca de las lecturas y con posición crítica. No llama a lista.Cons: Es un poco exigente con la calidad de los ensayos, pero no imposible.","4.6"
"1576032404-478","https://losestudiantes.co/","David Alberto Roll VelezCiencia Política","https://losestudiantes.co/universidad-nacional/ciencia-politica/profesores/david-alberto-roll-velez","Yo la vi y la deje alta, la verdad. Es un profesor que logra ser pedagógico en ciertos aspectos. Pero tiende a cortar el debate con los estudiantes, busca ser excesivamente duro con los exámenes y en términos teóricos comete serios errores. Es más, a veces se ven situaciones incómodas debido a su actitud.","2.9"
"1576032489-505","https://losestudiantes.co/","Santos Alonso BeltranCiencia Política","https://losestudiantes.co/universidad-nacional/ciencia-politica/profesores/santos-alonso-beltran-beltran","Pros: Muy buen docente. Muy claro con las teorías.","5"
"1576032489-504","https://losestudiantes.co/","Santos Alonso BeltranCiencia Política","https://losestudiantes.co/universidad-nacional/ciencia-politica/profesores/santos-alonso-beltran-beltran","Excelente docente. Maneja de manera muy hábil y apropiada los contenidos de la clase. Las lecturas que presenta, pese a ser largas, brindan elementos conceptuales y analíticos valiosos para el aprendizaje y la discusión en clase. La metodología es dinámica y varia de semestre en semestre, lo que da cuenta de un esfuerzo por el profesor de generar pedagogía y métodos alternativos de aprendizaje.Pros: La metodología es variada, si se es responsable,puntual y participativo, se deja alta.Cons: De no ser responsable y no tener claras las discusiones de la clase, existe el riesgo de no ser capaz de desarrollar buenos textos y trabajos, es allí donde el docente es exigente al calificar.","5"
"1576032234-459","https://losestudiantes.co/","Carlos Medina GallegoCiencia Política","https://losestudiantes.co/universidad-nacional/ciencia-politica/profesores/carlos-medina-gallego","A las pocas clases que fue mostró su amplio conocimiento, pero es opacado por el hecho de que no volvió a asistir (todos los semestres es igual) La clase la toma el profesor auxiliar, la metodología es tediosa, solo se aprende leyendo autonomamente.Cons: La clase la da el profesor auxiliar","1.5"
"1576032134-432","https://losestudiantes.co/","Jenny Elisa Lopez RodriguezCiencia Política","https://losestudiantes.co/universidad-nacional/ciencia-politica/profesores/jenny-elisa-lopez-rodriguez","Una profesora con gran conocimiento sobre la administración pública. Se aprende mucho, hay que ser atento y leer bastante. Lamentablemente, es terriblemente desorganizada, lo que hace que se acumule trabajo de una forma brutal. Pros: Las clases son interesantes y el contenido es muy valioso. Suele ser clara y concisa. Promueve la investigación y la crítica.Cons: Muy desorganizada a pesar de tener un plan desde inicio de semestre. Puede demorarse semanas en un tema o dar toda una unidad temática en una hora.","4"
"1576032640-559","https://losestudiantes.co/","Rubin Ariel Huffington RodríguezCiencia Política","https://losestudiantes.co/universidad-nacional/ciencia-politica/profesores/rubin-ariel-huffington-rodr%C3%ADguez","La clase de descentralización es muy desordenada. El docente asigna una serie de tareas que al final no califica ni construye un ejercicio de retroalimentación con los estudiantes, de manera que el producto final es muy pobre. 
Por otro lado, el docente parece no asimilar la posición como profesor de una de las universidades más importantes del país y toma a la ligera las tareas que tal posición le encomienda, llegando al punto de tener desencuentros personales con estudiantes que solo le piden realizar su trabajo. 
Por otro lado, las notas las sube a última hora sin dar tiempo de revisiones, lo que produce tensiones con los estudiantes.
Por último, su manera de calificar es ambigua, poco clara y, desde mi opinión, poco acertada, ya que tiende a calificar duro a quien no esté de acuerdo con la manera en la que desarrolla la clase.Pros: Conoce el tema a la perfección y en el campo demuestra sus buenas capacidadesCons: Despota 
Poco organizado
Irresponsable","1"
"1576032525-516","https://losestudiantes.co/","Alejo Vargas VelasquezCiencia Política","https://losestudiantes.co/universidad-nacional/ciencia-politica/profesores/alejo-vargas-velasquez","Un buen profesor, amable, cualificado,  critico, abierto a la discusión con sus estudiantes. Su método magistral suele ser algo tedioso aunque tiene a compensarlo con manejo de material audiovisual. Respecto a los trabajo no suelen ser muchos y no es estricto a la hora de calificar.","4"
"1576032418-491","https://losestudiantes.co/","Pablo Ignacio Reyes BeltranCiencia Política","https://losestudiantes.co/universidad-nacional/ciencia-politica/profesores/pablo-ignacio-reyes-beltran","La clase a veces se torna aburrida a pesar de que los temas son muy interesantes. Creo que es la forma de explicar del profesor.","3"
"1576032177-447","https://losestudiantes.co/","Miguel Angel Herrera ZgaibCiencia Política","https://losestudiantes.co/universidad-nacional/ciencia-politica/profesores/miguel-angel-herrera-zgaib","Le gusta propiciar el dialogo y la participación. La materia tiene varios trabajos pero si se es juicioso no es problema pasar.","5"
"1576032418-480","https://losestudiantes.co/","Pablo Ignacio Reyes BeltranCiencia Política","https://losestudiantes.co/universidad-nacional/ciencia-politica/profesores/pablo-ignacio-reyes-beltran","Cons: A veces se desvía del tema","4.7"
"1576032191-453","https://losestudiantes.co/","Luis Humberto Hernandez RiverosCiencia Política","https://losestudiantes.co/universidad-nacional/ciencia-politica/profesores/luis-humberto-hernandez-riveros","El docente posee un gran problema al dictar esta asignatura, pues no es claro con los contenidos a a ver y sólo provee lecturas demasiado abstractas para gente que apenas está entendiendo el mundo de la investigación. Él no realiza monitorias y deja a la suerte a cada estudiante, pues las monitorias del o la estudiante tutor/a no contribuyen al desarrollo del problema de investigación.Pros: Conoce bastante sobre el tema de la investigaciónCons: No es claro con lo que quiere, deja a la deriva a los estudiantes en muchas ocasiones y califica muy duro.","2.9"
"1576032433-493","https://losestudiantes.co/","Adriana Francisca Salinas EstebanCiencia Política","https://losestudiantes.co/universidad-nacional/ciencia-politica/profesores/adriana-francisca-salinas-esteban","La clase es sencilla y las temáticas fáciles de entender, es fácil sacar buena nota.Cons: es impuntual","3.7"
"1576032163-441","https://losestudiantes.co/","Emilio Polo GarrónCiencia Política","https://losestudiantes.co/universidad-nacional/ciencia-politica/profesores/emilio-polo-garr%C3%B3n","Excelente profesor, sus clases son muy interesantes, se preocupa por el aprendizaje y está atento a la opinión de sus estudiantes, sus clases son muy reflexivas y me atrevo a decir que su clase cambió totalmente mi punto de vista.","5"
"1576032375-466","https://losestudiantes.co/","Miguel Antonio Borja AlarconCiencia Política","https://losestudiantes.co/universidad-nacional/ciencia-politica/profesores/miguel-antonio-borja-alarcon","Es un profesor muy ilustrado. Sus lecturas son pesadas pero interesantes, realmente vale la pena tomar esta clase, se aprende mucho. Pros: Conocimiento del profesorCons: Tono de voz","4.7"
"1576032597-547","https://losestudiantes.co/","Daniel Alberto Libreros CaicedoCiencia Política","https://losestudiantes.co/universidad-nacional/ciencia-politica/profesores/daniel-alberto-libreros-caicedo","Es un profesor que sabe mucho, pero divaga y es repetitivo en algunas de sus clases. La clase más que nada fue dictada por las monitoras.Cons: Sería bastante bueno que las clases estuviesen más preparadas por él.","3.4"
"1576032647-562","https://losestudiantes.co/","Jose German Burgos SilvaCiencia Política","https://losestudiantes.co/universidad-nacional/ciencia-politica/profesores/jose-german-burgos-silva","En general el profesor es excelente: metódico, riguroso, y se disfrutan las clases porque se aprende. La verdad, uno de los mejores profesores de ella facultad. Eso sí, es muy exigente y hay que estudiar bastante.","4.7"
"1576032597-549","https://losestudiantes.co/","Daniel Alberto Libreros CaicedoCiencia Política","https://losestudiantes.co/universidad-nacional/ciencia-politica/profesores/daniel-alberto-libreros-caicedo","Habla mucho y hace que la clase se torne aburrida, lo cual, en mi caso personal, hacía que no le prestara mucha atención. A pesar de esto, el profesor sabe muchísimo de los temas, tanto desde una perspectiva histórica como económica, y le interesa que uno se informe y pueda discutir de ellos. Me pareció que las clases del monitor eran las mejores, ...
Leer más...","3.5"
"1576032582-539","https://losestudiantes.co/","Catalina Toro PerezCiencia Política","https://losestudiantes.co/universidad-nacional/ciencia-politica/profesores/catalina-toro-perez","Es una profesora que puede saber mucho del tema de la ecología política latinoamericana, pero posee grandes problemas en la organización de sus clases. Más allá del inconveniente con su salud en este semestre, cuando retomó no se hizo cargo de las únicas notas que sacaría, sino que fue todo muy apresurado (inclusive improvisado). Requiere de un monitor en la materia que le pueda ayudar con esta cuestión de notas, trabajos y asistencias desde el primer instante para que se eviten mal entendidos a final de semestre, pero carece de este desde un principio. A su vez, pide un nivel exigente de investigación, tipo tesis de grado, lo cuál no es acorde si alguien de semestres inferiores (de tercero para abajo) que no vea o haya visto Introducción a la Investigación con la misma docente pueda alcanzar con facilidad, pues compara los trabajos de gente de maestría con los que el resto presenta para calificarlos.Pros: Amplia y recomendada bibliografíaCons: Desorganizada, impuntual y desenfocada.","2.9"
"1576032590-545","https://losestudiantes.co/","Alexander Emilio Madrigal GarzonCiencia Política","https://losestudiantes.co/universidad-nacional/ciencia-politica/profesores/alexander-emilio-madrigal-garzon","Pros: Explica las lecturas, lecturas super interesantes, la participación le gusta mucho y su enfoque el relaciones internacionales es muy propositivoCons: La clase se desarrolla en un sentido muy escudero, le gusta dejar trabajos estilo colegio","4.5"
"1576032532-520","https://losestudiantes.co/","Leopoldo Alberto Munera RuizCiencia Política","https://losestudiantes.co/universidad-nacional/ciencia-politica/profesores/leopoldo-alberto-munera-ruiz","Considero que es un profesor con un bagaje amplio buen manejo del tema y una perspectiva crítica

No obstante, sus contenidos tienen un sesgo ideológico profundamente marcado","4.1"
"1576032418-479","https://losestudiantes.co/","Pablo Ignacio Reyes BeltranCiencia Política","https://losestudiantes.co/universidad-nacional/ciencia-politica/profesores/pablo-ignacio-reyes-beltran","La clase es amena gracias al amplio conocimiento del profesor, la metodología es dinámica y es fácil de pasar.Pros: Se interesa bastante por el aprendizaje de los estudiantes","5"
"1576032383-470","https://losestudiantes.co/","Oscar Enrique Gomez RodriguezCiencia Política","https://losestudiantes.co/universidad-nacional/ciencia-politica/profesores/oscar-enrique-gomez-rodriguez","La principal fortaleza del docente que le ayudó a aprender en las actividades académicas, fue el comprende la importancia de la investigación dentro del proceso de formacion que tengo como politologo, ademas que es en la materia dictada por el profesor Oscar, que aprendi la importancia de los metodos cuantitativos y cualitativos y su relacion con l...
Leer más...Pros: La mayor fortaleza del curso es que se puede poner a la teoría una metodología y así se puede indagar en los méodos y las herramientas a utilizar. Otro aspecto muy importante son los programas que se utilizaron en el curso, esto ayuda muchísimo. Esta materia ayuda a prender cosas distintas de las que estamos acostumbrados.Cons: Seria bueno que le asignaran monitores al profesor Oscar. De ser posible que se asigne un segundo docente a la asignatura para al menos no cargar tanto al profesor con entregas.","5"
"1576032418-490","https://losestudiantes.co/","Pablo Ignacio Reyes BeltranCiencia Política","https://losestudiantes.co/universidad-nacional/ciencia-politica/profesores/pablo-ignacio-reyes-beltran","Es un profesor que conoce a profundidad la historia, aunque personalmente encuentro aburrida su clase magistral. Pros: Lecturas interesantesCons: Demasiado madre.","3.5"
"1576032625-558","https://losestudiantes.co/","Pedro Elias Galindo LeonCiencia Política","https://losestudiantes.co/universidad-nacional/ciencia-politica/profesores/pedro-elias-galindo-leon","Es un excelente profesor su modelo es tipo seminario. La clase se puede torna e aburrida pero es más por la gente que no trabaja. 

El profesor es bueno aunque un poco disperso a veces","4.2"
"1576032647-567","https://losestudiantes.co/","Jose German Burgos SilvaCiencia Política","https://losestudiantes.co/universidad-nacional/ciencia-politica/profesores/jose-german-burgos-silva","Excelente profesor. Tiene una buena metodología, muy clara y riguroso con el tiempo por lo cual no hay que preocuparse porque queden temas sin verse. Hace quices orales con lo cual es muy exigente en la nota que asigna, generalmente no suben de 4. También hace controles escritos de lectura. Ahora los parciales son de selección múltiple con dos preg...
Leer más...Pros: Las clases no son aburridas.
Se aprende demasiado con diferentes enfoques. Cons: No se puede faltar a ninguna clase. La nota final no es tan alta.","5"
"1576032575-531","https://losestudiantes.co/","Diana Marcela Hincapie CetinaCiencia Política","https://losestudiantes.co/universidad-nacional/ciencia-politica/profesores/diana-marcela-hincapie-cetina","No es clara con los temas, a veces  humilla a los estudiantes, se deja ningunear por el profesor Mejía. Pros: No era rigurosa al calificarCons: Si no le caíste bien, yaper","1.5"
"1576032647-566","https://losestudiantes.co/","Jose German Burgos SilvaCiencia Política","https://losestudiantes.co/universidad-nacional/ciencia-politica/profesores/jose-german-burgos-silva","Es un buen profesor, exigente, claro, abre espacios de debate en clase con lxs estudiantes, intenta innovar en cada clase, es dinámico.","5"
"1576032618-553","https://losestudiantes.co/","Gustavo Adolfo Puyo TamayoCiencia Política","https://losestudiantes.co/universidad-nacional/ciencia-politica/profesores/gustavo-adolfo-puyo-tamayo","Mas allá de comentarios sobre su actitud, su visión de una pedagogía casi que punitiva y sus criterios arbitrarios, aprendí solo a partir de textos. El profesor podria perfectamente jamás haber ido a clase y aprender lo mismo.","2.8"
"1576032547-525","https://losestudiantes.co/","Julio Rafael Quiñones PaezCiencia Política","https://losestudiantes.co/universidad-nacional/ciencia-politica/profesores/julio-rafael-qui%C3%B1ones-paez","Es un profesor muy apasionado por lo que enseña, tiene la intención de que el total de sus estudiantes aprendan a cabalidad los temas del curso. Maneja una muy buena bibliografía y escasos recursos audiovisuales que son fructíferos en el desarrollo de la clase. Sus parciales tipo ensayo son de fácil resolución si se lee con rigurosidad y se genera ...
Leer más...Pros: Parciales sencillos, buena bibliografía, entusiasmo del profesor, amplios conocimientos sobre los temas.Cons: Se extiende un poco con las respuestas que da sobre las preguntas, tono de voz difícil para algunos.","4.5"
"1576032234-457","https://losestudiantes.co/","Carlos Medina GallegoCiencia Política","https://losestudiantes.co/universidad-nacional/ciencia-politica/profesores/carlos-medina-gallego","Pésimo profesor, las pocas veces que fue a clase no hizo sino gritarPros: todas las respuestas del parcial son la D","1.5"
"1576032590-542","https://losestudiantes.co/","Alexander Emilio Madrigal GarzonCiencia Política","https://losestudiantes.co/universidad-nacional/ciencia-politica/profesores/alexander-emilio-madrigal-garzon","El profesor es muy amable, procura tener en cuenta dentro de la evaluación las habilidades blandas del estudiante, deja trabajos constantemente pero no son complicados. Exigente con normas APA y con los parciales.Pros: Respetuoso, atento, dedicado, puntual. Buena bibliografía.Cons: Por la misma dedicación que tiene en cada estudiante, suele tardar en calificar los ensayos. Recomendación: procurar ser de los primeros en entregar.","5"
"1576032618-551","https://losestudiantes.co/","Gustavo Adolfo Puyo TamayoCiencia Política","https://losestudiantes.co/universidad-nacional/ciencia-politica/profesores/gustavo-adolfo-puyo-tamayo","El profesor Gustavo es un académico con unas reflexiones muy enriquecedoras, pero en la materia de Teorías de las Relaciones Internacionales, que es la única que he visto con él, repetidas veces, es innecesariamente arbitrario y grosero. 

La redacción de las preguntas en las preguntas es subjetivo y sesgado, con preguntas como ""El Desarrollo es una categoría de: a) historia, b) economía, c) política, d) sociología"" (Really?! ridículo, mil veces ridículo)  y su criterio de clasificación es subjetivo, basado en una mixtura entre clases, lecturas macheteadas y unos supuestos no consensuados sobre las posibles respuestas, en donde nadie sabe, ni el que más lee ni el más suertudo, sobre sus capacidades. Los criterios de aprendizaje son graciosos, no es claro si nos invita a pensar o a memorizar, y si es un intento de lo segundo... podría decir que tampoco lo es, ya que al fin los parciales se resumen en un despulgadero de las lecturas y rezar porque uno le atine a la frase escondida que se preguntó. Siendo así lo segundo, no imagino cómo sería lo primero, mejor dicho un proceso de formación de criterio, si las arbitrariedades abundan sobre la repetidera de la repetidera... ¿cómo sería confrontando criterios y procesos lógicos personales con los de él? Ay, ni quisiera saberlo. El trato a los estudiantes también es agresivo, varias veces oímos que reclamaba su autoridad como profesor, lo cual casi no se ve en la Facultad, pero raya con la minimización del estudiante a un cero a la izquierda el cual sólo es oído, o aparentemente oído, luego de una eterna perseguidera por cualquier asunto que jamás resulta resuelto, mejor dicho burocratizado. Y, en cuanto al nivel de la asignatura, la ""exigencia"" de Teoría de las Relaciones Internacionales frente a materias como Poder, Diseño o Gobierno, es literalmente desproporcionada. Finalmente, para rematar, su monitora, quien a cualquier eventualidad en la que uno espera encontrar apoyo y asesoría, responde: ""Usted sabe cómo es (así uno no sepa), entonces DE MALAS..."". Inscribimos asustados por inscribir una materia que no ofrece el goce de aprender, por que al parecer no se trata de eso.","2"
"1576032590-544","https://losestudiantes.co/","Alexander Emilio Madrigal GarzonCiencia Política","https://losestudiantes.co/universidad-nacional/ciencia-politica/profesores/alexander-emilio-madrigal-garzon","Respecto a la clase como tal (Historia Política Moderna) Madrigal dispone a los estudiantes de excelentes lecturas, sin embargo es mal orador, es fácil perderse en la clase de él, si desea aprender ¡LEA!. Respecto a cómo califica, este docente suele sacar muchísimas notas, más de 8 entre quices, fichas de lectura, exámenes y un ensayo final que está partido en varias notas (primera entrega, sustentación, etc), como tal, no es docente rajador, todo lo contrario, él permite que los estudiantes hagan actividades paralelas en compensación de malas notas o notas no presentadas (solo válido para quices y fichas).Pros: Responsable, nunca falta a clase, entrega a tiempo (y rápidamente) las notas de las actividades realizadas, es un docente que ayuda a sus estudiantes y su Syllabus es muy bueno. Cons: Mal orador.
No es tan efectivo para planear algunas actividades, como salidas de campo.","4.2"
"1576032383-471","https://losestudiantes.co/","Oscar Enrique Gomez RodriguezCiencia Política","https://losestudiantes.co/universidad-nacional/ciencia-politica/profesores/oscar-enrique-gomez-rodriguez","La rigurosidad con la que imparte la enseñanza de los aspectos claves de las metodologías y las consideraciones sobre el proceso investigativo. La capacidad de discernimiento que le permite resaltar lo importante de los trabajos que se le presentan. La amplia cobertura de temas y formas de acercarse a un objeto, pregunta de estudio dada la experiencia que tiene en la práctica.Pros: es buena la clase pero son muchos temas para tampoco tiempoCons: ninguna","5"
"1576032647-563","https://losestudiantes.co/","Jose German Burgos SilvaCiencia Política","https://losestudiantes.co/universidad-nacional/ciencia-politica/profesores/jose-german-burgos-silva","Excelente docente, metodología coherente y amplio conocimiento del tema; es bien exigente","4.5"
"1576032575-530","https://losestudiantes.co/","Diana Marcela Hincapie CetinaCiencia Política","https://losestudiantes.co/universidad-nacional/ciencia-politica/profesores/diana-marcela-hincapie-cetina","Da la clase junto al profesor Oscar Mejía. Su papel es secundario y solo se limita dar algunos comentarios sobre los autores. Es una clase muy memorista y muchas de las calificaciones son arbitrarias. Las notas dependen de la asistencia. Los trabajos se reducen a un video en grupo y un póster con la definición de derecho hecha con base a las lecturas de la clase y dos parciales de 50 preguntas memoristas.Pros: Si se le coge el gusto, puede que se aprenda algo.Cons: Clase Memorista.
Aporta poco o nada.
La profesora es muy arrogante.","3"
"1576032418-485","https://losestudiantes.co/","Pablo Ignacio Reyes BeltranCiencia Política","https://losestudiantes.co/universidad-nacional/ciencia-politica/profesores/pablo-ignacio-reyes-beltran","Un profesor increíble. Se aprende mucho, el todo está en saber concentrarse mucho en la clase; también se puede dejar alta. Hace controles de lectura, exposiciones, un trabajo de investigación y un parcial. Pros: Es una persona que sabe ser profesor, además de tener un buen trato con los estudiantes, se interesa porque estos aprendan.Cons: Se dispersa un poco. A veces las clases son desorganizadas.","4.6"
"1576032177-443","https://losestudiantes.co/","Miguel Angel Herrera ZgaibCiencia Política","https://losestudiantes.co/universidad-nacional/ciencia-politica/profesores/miguel-angel-herrera-zgaib","El docente tiene un amplio conocimiento sobre la ciencia política. Es interesante que maneje su propia línea con un fuerte acento en el marxismo y particularmente en gramsci. Sin embargo, él usa una metodología basada en exposiciones de estudiantes que abarcan todos los temas. Es decir que todas las clases son exposición tras exposición. Así, consi...
Leer más...Pros: Conocimiento Cons: La metodología","3.4"
"1576032177-445","https://losestudiantes.co/","Miguel Angel Herrera ZgaibCiencia Política","https://losestudiantes.co/universidad-nacional/ciencia-politica/profesores/miguel-angel-herrera-zgaib","Indudablemente sabe muchísimo y es muy muy amable, pero su metodología es pésima.Pros: Es un excelente investigador, sabe muchísimo sobre la materia y siempre está presto a escuchar a sus estudiantes.Cons: La metodología es mala, ver solo exposiciones de otros estudiantes deja muchas dudas que muchas veces no se resuelven, se dispersa o extiende mucho lo que hace que se pierda tiempo.","3"
"1576032590-543","https://losestudiantes.co/","Alexander Emilio Madrigal GarzonCiencia Política","https://losestudiantes.co/universidad-nacional/ciencia-politica/profesores/alexander-emilio-madrigal-garzon","Alexander es una gran docente, tiene una vocación por la pedagogía y enseña sus clases con pasión. Su clase da un mapa general interesante sobre lo que será el área de relaciones internacionales dentro de la carreraPros: Pedagogía interesante
Despierta pasión por la asignatura
Colabora mucho con el proceso del estudianteCons: No es muy buen orador, puede mejorar","4.5"
"1576032618-552","https://losestudiantes.co/","Gustavo Adolfo Puyo TamayoCiencia Política","https://losestudiantes.co/universidad-nacional/ciencia-politica/profesores/gustavo-adolfo-puyo-tamayo","Me parece que se desvía mucho de los temas a tratar, sobre todo cuando le hacen alguna pregunta sin relación a la clase. La actitud del profesor no es la mejor. Algo bueno de este profe es que parte del hecho de que uno desconoce muchas cosas (lo cual es cierto) entonces sus explicaciones a veces son básicas pero necesarias.","3.9"
"1576032177-446","https://losestudiantes.co/","Miguel Angel Herrera ZgaibCiencia Política","https://losestudiantes.co/universidad-nacional/ciencia-politica/profesores/miguel-angel-herrera-zgaib","Amplio conocimiento y profundo respeto por las ideas de sus estudiantes, incentiva la participación y te hace sentir cómodo.
Cons: Deja demasiadas entregas y realmente califica unas cuantas. Algunas actividades son interesantes pero están mal planteadas.","3.4"
"1576032418-488","https://losestudiantes.co/","Pablo Ignacio Reyes BeltranCiencia Política","https://losestudiantes.co/universidad-nacional/ciencia-politica/profesores/pablo-ignacio-reyes-beltran","Un profe muy amable, querido y con el cual es fácil pasar la materia, lo malo es que es muy disperso y termina hablando de cosas distintas a los propuesto en el programa y en las lecturas.

No suele usar las lecturas, lo que puede llegar a dejar algunos vacíos, y por ser tan disperso se terminan viendo temas a la carrera o simpelemente no se ve","4"
"1576032575-532","https://losestudiantes.co/","Diana Marcela Hincapie CetinaCiencia Política","https://losestudiantes.co/universidad-nacional/ciencia-politica/profesores/diana-marcela-hincapie-cetina","Es bastante crítica con los abogados y con todo, en general. Sin embargo, sus críticas se vuelven siempre un tema personal, por ende en las clases siempre se desvía de los temas y termina hablando de su vida personal, haciendo que del programa se completen 3 o 4 temas por mucho. No abre espacios de debate con lxs estudiantes, y cuando no está de ac...
Leer más...Pros: Es puntual.Cons: No prepara sus clases, por tanto siempre termina hablando de temas personales.","2.3"
"1576032461-499","https://losestudiantes.co/","Alejandro Lozano AyalaCiencia Política","https://losestudiantes.co/universidad-nacional/ciencia-politica/profesores/alejandro-lozano-ayala","Además que Lozano es un tipazo, esta es una clase muy buena y exigente que se equilibra con unas reflexiones profundamente interesantes del profesor que pasan por el psicoanálisis, la burocracia o el arte de lo público. Se padece pero se goza.","5"
"1576032234-460","https://losestudiantes.co/","Carlos Medina GallegoCiencia Política","https://losestudiantes.co/universidad-nacional/ciencia-politica/profesores/carlos-medina-gallego","El profesor Medina es un gran conocedor de la historia de Colombia  y es sabido que ha participado en diversa producción investigativa dentro de la facultad pero a la hora de enseñar acerca del oficio de investigar se queda corto debido a su falta de programación y de organización de sus clases, no es tediosa la clase pero si suele ser dispersa. Es fácil pasarla.","3.5"
"1576032618-555","https://losestudiantes.co/","Gustavo Adolfo Puyo TamayoCiencia Política","https://losestudiantes.co/universidad-nacional/ciencia-politica/profesores/gustavo-adolfo-puyo-tamayo","4.6
Es buen profesor, fue una de mis clases preferidas. Si es un buen grupo, los estudiantes son comprometidos, con iniciativa, participan, y piden monitorías para el trabajo final, el profesor toma buena actitud y da incentivos.
Tiene un enfoque económico, responde de buena forma las dudas de los estudiantes aunque a veces tiene un humor pesado.

Pros: Buena bibliografía y no tan larga. Tiene mucho compromiso con la materiaCons: A veces se desvía del tema con las preguntas de los estudiantes","4.5"
"1576032489-510","https://losestudiantes.co/","Santos Alonso BeltranCiencia Política","https://losestudiantes.co/universidad-nacional/ciencia-politica/profesores/santos-alonso-beltran-beltran","Muy malo. Desorganizado, falto de compromiso con la clase, bota los trabajos de los estudiantes por lo cual a veces toca repetir parciales para reponer las notas que refundió. Pros: Nada Cons: A veces falta a clase y ni avisa. Clases muy aburridas","1.5"
"1576032177-451","https://losestudiantes.co/","Miguel Angel Herrera ZgaibCiencia Política","https://losestudiantes.co/universidad-nacional/ciencia-politica/profesores/miguel-angel-herrera-zgaib","El profesor tiene un cocnocimento de diversos tema de manera profunda, es un amor excelente persona. 


La metodología son exposiciones de los estudiantes  y en verdad hacen de la clase tediosa","4.1"
"1576032647-565","https://losestudiantes.co/","Jose German Burgos SilvaCiencia Política","https://losestudiantes.co/universidad-nacional/ciencia-politica/profesores/jose-german-burgos-silva","Excelente profesor, uno de los mejores del departamento. Es exigente pero sus clases son muy completas, fáciles de entender y el profesor tiene amplios conocimientos de todos los temas relacionados a la clase.","5"
"1576032418-482","https://losestudiantes.co/","Pablo Ignacio Reyes BeltranCiencia Política","https://losestudiantes.co/universidad-nacional/ciencia-politica/profesores/pablo-ignacio-reyes-beltran","Es un conocedor intachable de los temas tratados en clase, su discurso está muy bien estructurado, tiene muy claro todo de lo que habla y responde ante cualquier pregunta, incluso si esta va más allá de la discusión del momento, o tiene tintes critico/analíticos. Preocupado por el aprendizaje de sus alumnos.Pros: Promueve la construcción de textos a partir de revisiones, comentarios y recomendaciones permanentes.","5"
"1576032383-474","https://losestudiantes.co/","Oscar Enrique Gomez RodriguezCiencia Política","https://losestudiantes.co/universidad-nacional/ciencia-politica/profesores/oscar-enrique-gomez-rodriguez","La principal fortaleza del docente que le ayudó a aprender en las actividades académicas, fue el comprende la importancia de la investigación dentro del proceso de formacion que tengo como politologo, ademas que es en la materia dictada por el profesor Oscar, que aprendi la importancia de los metodos cuantitativos y cualitativos y su relacion con la Ciencia Politica, indudablemente, esta materia es EXCELENTE, y de gran importancia dentro del plan de estudios. Considero que la principal fortaleza del docente es su paciencia, su vocacion, su instinto por formar estudiantes criticos y con instinto investigativo, es una materia excelente y en lo personal, la mejor que he visto en mis cuatro matriculas. El profesor Oscar es un excelente profesional y uno de los mejores profesores que he tenido como catedraticos en lo que llevo de carrera, deberia dictar tambien otras lineas de investigacion.Pros: La mayor fortaleza del curso es que se puede poner a la teoría una metodología y así se puede indagar en los méodos y las herramientas a utilizar. Otro aspecto muy importante son los programas que se utilizaron en el curso, esto ayuda muchísimo. Esta materia ayuda a prender cosas distintas de las que estamos acostumbrados.Cons: Seria bueno que le asignaran monitores al profesor Oscar. De ser posible que se asigne un segundo docente a la asignatura para al menos no cargar tanto al profesor con entregas.","5"
"1576032547-523","https://losestudiantes.co/","Julio Rafael Quiñones PaezCiencia Política","https://losestudiantes.co/universidad-nacional/ciencia-politica/profesores/julio-rafael-qui%C3%B1ones-paez","Es un gran profesor que se interesa por el aprendizaje de los estudiantes, es paciete y dedicado, explica los términos y temas básicos de forma entenible y muy completa, permite que todos participen y no juzga a quienes piensan diferente. Siempre saca algo bueno de cualquier comentario, por más simple y banal que este sea. Eso sí, las lecturas que ...
Leer más...Pros: Es muy buena persona y sabe bastante. 
Permite e incentiva la participación. 
Cons: A veces las clases se vuelven demasiado magistrales por la poca participación de los estudiantes, lo cual hace que el profesor hable y hable.","4.8"
"1576032547-528","https://losestudiantes.co/","Julio Rafael Quiñones PaezCiencia Política","https://losestudiantes.co/universidad-nacional/ciencia-politica/profesores/julio-rafael-qui%C3%B1ones-paez","Un conocedor de la ciencia política, el docente más adecuado para dictar esta asignatura. Es claro con los conceptos, presenta una bibliografia muy interesante y valiosa, sobre la cual se puede volver en repetidas ocasiones en el desarrollo posterior de la carrera. Puntual y exigente de manera que permite la adaptación al ritmo universitario. Muy amable, respetuoso y preocupado por la claridad y entendimiento de los asuntos tratados en cada sesión. Abierto a opiniones.Pros: Metodología dinámica, fomenta el ejercicio de la escritura, la argumentación y el uso de los textos.Cons: Exigente con la nota.","5"
"1576032383-473","https://losestudiantes.co/","Oscar Enrique Gomez RodriguezCiencia Política","https://losestudiantes.co/universidad-nacional/ciencia-politica/profesores/oscar-enrique-gomez-rodriguez","La clase es malísima, el profesor es desorganizado y no se tiene claridad de dónde salen las notas. Realmente es tediosa la materia. Cons: Desorganización
Arbitrariedad
Poca claridad
Temas que quedan vacíos","1.6"
"1576032497-511","https://losestudiantes.co/","Yenny Leguizamon OrjuelaCiencia Política","https://losestudiantes.co/universidad-nacional/ciencia-politica/profesores/yenny-leguizamon-orjuela","Una profesora que domina el tema y esta presta a atender las inquietudes de sus estudiantes. El problema es que como no toma asistencia, hay mucha gente que no asiste a sus clases y no la toma en serio.","3.9"
"1576032489-507","https://losestudiantes.co/","Santos Alonso BeltranCiencia Política","https://losestudiantes.co/universidad-nacional/ciencia-politica/profesores/santos-alonso-beltran-beltran","Es una clase en la que se discuten temas interesantes. El profesor no suele explicar muchas cosas sino simplemente se dedica a dar un discurso, lo cual se torna aburrido. El programa de EP tiene un sesgo grande pero en general la clase no es mala.","3.5"
"1576032547-521","https://losestudiantes.co/","Julio Rafael Quiñones PaezCiencia Política","https://losestudiantes.co/universidad-nacional/ciencia-politica/profesores/julio-rafael-qui%C3%B1ones-paez","Julio Quiñones es une excelente profesor, explica con pasión y se nota su interés por el aprendizaje de sus estudiantes, su clase es magistral ello hace que pueda aburrir o dormir un poco, sin embargo si se presta la atención suficiente, con solo las clases magistrales se aprende demasiado, incluso más de lo definido por el Syllabus.  Respecto a sus sistema de evaluación, saca 3 notas (exámenes tipo ensayo) en donde el estudiante deberá resolver una pregunta problema que le obligarán a usar los conceptos teóricos aprendidos de las lecturas y las sesiones para resolver problemas de la realidad política actual, estos exámenes en conjunto con la clase permite un aprendizaje muy, MUY enriquecedor. Totalmente recomendable inscribir con él, además es un sujeto muy agradable y buena gente.Pros: Conocimiento amplio y profundo de la materia, dedicación al estudiante, excelente selección de Syllabus, ofrece en sus cursos diferentes puntos de vista desde orillas ideológicas y teóricas diferentes generando un panorama amplio de los temas a tratar.Cons: Tono de voz arrullador que dificulta seguir la clase (contrarrestado por su sentido del humor), además, en sus clases no se usa diapositivas o material de apoyo que permita a los estudiantes (y profesor) seguir la línea temática de la sesión con facilidad. Por último, aunque está muy bien que el profesor se dedique a resolver de forma profunda las preguntas de los estudiantes, las respuestas a algunas preguntas pueden durar hasta 30 minutos, y si se suma que estas preguntas por parte de los estudiantes no suelen  estar estrictamente pegadas al contenido de la sesión,  si se pregunta reiteradamente en la clase se puede disolver la temática de la misma.","4.8"
"1576032404-475","https://losestudiantes.co/","David Alberto Roll VelezCiencia Política","https://losestudiantes.co/universidad-nacional/ciencia-politica/profesores/david-alberto-roll-velez","El profesor maneja el tema de partidos y sistemas electorales en profundidad, y resulta refrescante en un Departamento en el que expresar una posición política por fuera de la izquierda, casi que se considera un delito.
La nota se puede dejar alta, solo es cuestión de leerlo todo.  
El profesor ademas incentiva el debate en clase, lo único negativo es que algunas veces puede llegar a ser muy ""fanfarron"".  Cons: Los monitores suelen ser absolutamente molestos.","4.5"
"1576032468-502","https://losestudiantes.co/","Andrea Carolina Jimenez MartinCiencia Política","https://losestudiantes.co/universidad-nacional/ciencia-politica/profesores/andrea-carolina-jimenez-martin","Una docente con un buen carisma para con la clase, maneja un programa muy completo y se nota la experiencia que tiene en el tema. Propone diferentes métodos pedagógicos para hacer activas las sesiones. No pone trabajos complicados es cuestión de ser cumplido y asistir a sus clases. Respeta las opiniones y las criticas de sus alumnos.","4"
"1576032418-492","https://losestudiantes.co/","Pablo Ignacio Reyes BeltranCiencia Política","https://losestudiantes.co/universidad-nacional/ciencia-politica/profesores/pablo-ignacio-reyes-beltran","Muy buen profesor, aunque el volumen de lecturas resulta tedioso e inclusive a veces innecesario frente a otros textos más amenos, se encarga de que todo lo que está en ellas se aprenda en la clase. Se apoya de otros docentes muy conocedores de las teorías políticas modernas, lo cual hace dinámica la experiencia de entender más a fondo esta disciplina. Muy paciente e interesado por el aprendizaje de la totalidad de su curso.Pros: Quices sencillos, temas interesantes, clases dinámicas con docentes de apoyo, parcial sencillo si se estudia a fondo, trabajos en grupo sencillos con la tutoría de el profesor personalmente.Cons: A veces se dispersa un poco de los temas de la clase.","4.5"
"1576032440-497","https://losestudiantes.co/","Jairo Hernando Estrada AlvarezCiencia Política","https://losestudiantes.co/universidad-nacional/ciencia-politica/profesores/jairo-hernando-estrada-alvarez","Es un profesor al que se le nota el conocimiento y la experiencia en el análisis de los procesos políticos en América Latina, No es complicado de pasar, no coloca muchos trabajos. tiene un método magistral el cual tiene a hacer tediosa su clase. Tiene una opinión política propia pero respeta la de sus estudiantes.","4"
"1576032683-570","https://losestudiantes.co/","Marco Alberto Romero SilvaCiencia Política","https://losestudiantes.co/universidad-nacional/ciencia-politica/profesores/marco-alberto-romero-silva","Es un profesor bastante carismático y maneja un buen conocimiento de los temas. El problema es que no suele ser organizado con su programa y se dispersa a lo largo del semestre. Por sus multiples compromisos en ocasiones no puede asistir a clases.  Cons: Por sus múltiples compromisos laborales en ocasiones no puede asistir a clases.","4"
"1576032134-433","https://losestudiantes.co/","Jenny Elisa Lopez RodriguezCiencia Política","https://losestudiantes.co/universidad-nacional/ciencia-politica/profesores/jenny-elisa-lopez-rodriguez","Excelente profesora de un tema que poco vemos en la UN, la administración pública y su gestión. Por esto, la profesora se impacienta de lo perdidxs que podemos estar al ver su clase y es rabona. Sin embargo, si se es juiciosx, no se falta a clase y se leen TODAS las lecturas, se aprenderá y se pasará la materia. Su trabajo final es complejo en tanto no hemos tenido una formación en Políticas Públicas antes. Pros: Rigurosa, exigente. Cons: Personalista. si no te ve en clase, te busca el 'quiebre' y si lo logra, te coge entre ojos y difícilmente pasarás su materia. Una fiel réplica de la burocracia colombiana. De hecho, acabo de pensar si no es una estrategia pedagógica (XD)","4.3"
"1576032597-548","https://losestudiantes.co/","Daniel Alberto Libreros CaicedoCiencia Política","https://losestudiantes.co/universidad-nacional/ciencia-politica/profesores/daniel-alberto-libreros-caicedo","Parte de la clase la hacía el monitor y lo demás, el profesor. Es un muy buen profesor y una gran persona. El monitor al iniciar algunas clases hace quiz de algunas lecturas que deja la clase anterior, no son difíciles, si se hacen os talleres y se toman algunas bonificaciones que él da, se deja alta. El único parcial es de las lecturas y cosas que dice en clase. Libreros sabe muchísimo, vale la pena.","5"
"1576032575-534","https://losestudiantes.co/","Diana Marcela Hincapie CetinaCiencia Política","https://losestudiantes.co/universidad-nacional/ciencia-politica/profesores/diana-marcela-hincapie-cetina","Una excelente profesora la cual se adueña del tema a enseñar,  clara al explicar.  Vanguardista,  y con una visión y conocimiento amplio en los temas que enseña. Pros: Exámenes rigurosos","5"
"1576032418-481","https://losestudiantes.co/","Pablo Ignacio Reyes BeltranCiencia Política","https://losestudiantes.co/universidad-nacional/ciencia-politica/profesores/pablo-ignacio-reyes-beltran","Un muy buen profesor, sabe mucho acerca de la historia política en general y tiende a generar una perspectiva critica.

La metodología es normal y rompe con la clase típica magistral","5"
"1576032647-561","https://losestudiantes.co/","Jose German Burgos SilvaCiencia Política","https://losestudiantes.co/universidad-nacional/ciencia-politica/profesores/jose-german-burgos-silva","El mejor profesor del Departamento de Ciencia Política. Uno de los pocos que planea cada clase. Cada ocasión para ver clases con él, es una oportunidad para aprender algo que le servirá para el resto de su carrera y su vida profesional. 
Siendo juicioso, no hay razón para temer por las notas, todo es cuestión de utilizar las herramientas que se dan en clase para resolver un problema.","5"
"1576032504-513","https://losestudiantes.co/","Yilson Javier Beltran BarreraCiencia Política","https://losestudiantes.co/universidad-nacional/ciencia-politica/profesores/yilson-javier-beltran-barrera","La clase se basa en los textos y en la participación de los estudiantes, se tratan temáticas bastante interesantes que propician el debate y de las que el profesor tiene profundo conocimiento. Es fácil de dejar alta","4"
"1576032625-556","https://losestudiantes.co/","Pedro Elias Galindo LeonCiencia Política","https://losestudiantes.co/universidad-nacional/ciencia-politica/profesores/pedro-elias-galindo-leon","Hay que trabajarle si se quiere pasar la materia. Molesta mucho por asistencia y aunque no toma lista siempre recuerda quién no asiste. Siempre busca algo que corregir en los trabajos de los estudiantes, nada es bueno para él. No entrega notas durante el semestre, espera simplemente al día de cierre de notas en el SIA para subir la nota final.Pros: El trabajo final se va estructurando cada semana, eso hace que al final la carga se reduzca y de espacio para otras materias.
Se aprende de una forma dinámica.
Si le trabaja la puede pasar fácilCons: La clase puede tornarse mamona. El profesor pocas veces está contento con algunos trabajos. 
Si no se le trabaja o no asiste él se desquita con la nota final","3.5"
"1576032547-529","https://losestudiantes.co/","Julio Rafael Quiñones PaezCiencia Política","https://losestudiantes.co/universidad-nacional/ciencia-politica/profesores/julio-rafael-qui%C3%B1ones-paez","Es un profesor muy apasionado por lo que enseña, tiene la intención de que el total de sus estudiantes aprendan a cabalidad los temas del curso. Maneja una muy buena bibliografía y escasos recursos audiovisuales que son fructíferos en el desarrollo de la clase. Sus parciales tipo ensayo son de fácil resolución si se lee con rigurosidad y se genera crítica y diálogo con el texto. Sin embargo, las clases pueden resultar arrulladoras por su tono de voz y el horario de clase, mucho más para un estudiante de primer semestre que apenas está acostumbrándose a la metodología de la universidad. Pros: Parciales sencillos, buena bibliografía, entusiasmo del profesor, amplios conocimientos sobre los temas.Cons: Se extiende un poco con las respuestas que da sobre las preguntas, tono de voz difícil para algunos.","4.5"
"1576032404-477","https://losestudiantes.co/","David Alberto Roll VelezCiencia Política","https://losestudiantes.co/universidad-nacional/ciencia-politica/profesores/david-alberto-roll-velez","Es un docente con un amplio análisis en lo que respecta a las dinámicas de los partidos políticos y los sistemas electorales del país, maneja una bibliografía profunda respecto al tema, plantea debates y ejercicios de discusión entre los estudiantes y él con el fin de profundizar en los temas de la clase. Saca muchas notas con diferentes quices, ejercicios y consultas.
Cons:  La puntualidad influye en la nota debido a que suele hacer los quices en los primeros minutos de la clase.","4"
